{
  "version": 1,
  "author": "CYPHER GAMING",
  "editor": "wokwi",
  "parts": [
    { "type": "wokwi-arduino-uno", "id": "uno", "top": 96, "left": 94.67, "attrs": {} },
    {
      "type": "wokwi-lcd1602",
      "id": "lcd1",
      "top": -68.8,
      "left": -37.33,
      "attrs": { "pins": "i2c" }
    },
    { "type": "wokwi-ky-040", "id": "encoder1", "top": 101.43, "left": -81.06, "attrs": {} }
  ],
  "connections": [
    [ "lcd1:GND", "uno:GND.1", "black", [ "h0" ] ],
    [ "lcd1:VCC", "encoder1:VCC", "red", [ "h0" ] ],
    [ "lcd1:SDA", "uno:A4.2", "green", [ "h0" ] ],
    [ "lcd1:SCL", "uno:A5.2", "green", [ "h0" ] ],
    [ "uno:5V", "encoder1:VCC", "red", [ "v0" ] ],
    [ "encoder1:CLK", "uno:2", "green", [ "h0" ] ],
    [ "encoder1:DT", "uno:3", "green", [ "h0" ] ],
    [ "encoder1:GND", "uno:GND.1", "black", [ "h0" ] ],
    [ "lcd1:GND", "encoder1:GND", "black", [ "h0" ] ]
  ]
}